{
  "best_row_from_results_csv": {
    "dataset": "A",
    "model": "XGB-AFT",
    "split": "S2_strat_event",
    "cv_cindex_mean": 0.6475223297128996,
    "cv_cindex_std": 0.0465098376280226,
    "test_cindex": 0.662051282051282,
    "best_iter_cv_median": 788,
    "best_iter_test": 609,
    "device": "cuda"
  },
  "dataset": "A",
  "split": "S2_strat_event",
  "best_nrounds": 550,
  "params_used": {
    "max_depth": 9,
    "eta": 0.00790689707988113,
    "subsample": 0.9710250204026031,
    "colsample_bytree": 0.7590312775299762,
    "min_child_weight": 3.7085382260284576,
    "lambda": 2.442920226757667,
    "alpha": 1.3257284255271649,
    "aft_loss_distribution": "normal",
    "aft_loss_distribution_scale": 2.8551127078884506,
    "objective": "survival:aft",
    "eval_metric": "aft-nloglik",
    "tree_method": "hist",
    "device": "cuda"
  },
  "n_train_external": 532,
  "n_val_internal": 80,
  "note": "Refinado entrenado SOLO con train externo; early stopping con val interno. Test externo NO usado para fit/early-stop."
}